"","Subgroup","Mean","Median"
"1","All",0.749181094977302,0.744047619047619
"2","Self",0.948848976141965,0.957118348519089
"3","Healthy",0.746210496210496,0.744047619047619
"4","EGCG",0.761904761904762,0.761904761904762
"5","FTY",0.75534188034188,0.75
"6","IFNb",0.75030193236715,0.755952380952381
"7","GA",0.747354497354497,0.738095238095238
"8","NTZ",0.750348092453356,0.744047619047619
"9","RR Untreated",0.736592111592112,0.732142857142857
"10","Untreated",0.739291976287885,0.738095238095238
